City_ID,City,Country,Lat,Lng,Max Temp,Humidity,Cloudiness,Wind Speed,Current Description
0,Salinopolis,BR,-0.6136,-47.3561,77.67,88,100,7.16,overcast clouds
1,Canutama,BR,-6.5339,-64.3831,72.79,99,100,2.21,overcast clouds
2,Keffi,NG,8.8486,7.8736,71.6,22,0,3.8,clear sky
3,Camana,PE,-16.6228,-72.7111,70.7,83,99,4.29,overcast clouds
4,Grindavik,IS,63.8424,-22.4338,32.9,100,100,55.23,heavy snow
5,Hami,CN,42.8,93.45,27.0,33,67,7.27,broken clouds
6,Avarua,CK,-21.2078,-159.775,80.65,78,20,9.22,few clouds
7,Bilibino,RU,68.0546,166.4372,-10.97,78,18,4.03,few clouds
8,Punta Arenas,CL,-53.15,-70.9167,53.71,82,75,10.36,broken clouds
9,Asau,RO,46.4333,26.4,33.76,74,100,5.95,overcast clouds
10,Ushuaia,AR,-54.8,-68.3,60.46,67,40,14.97,scattered clouds
11,Sinnamary,GF,5.3833,-52.95,76.87,89,100,7.92,overcast clouds
12,Lebu,CL,-37.6167,-73.65,59.22,92,3,15.41,clear sky
13,Esperance,AU,-33.8667,121.9,76.84,49,14,26.35,few clouds
14,Kathmandu,NP,27.7167,85.3167,48.42,87,40,0.0,mist
15,Bengkulu,ID,-3.8004,102.2655,81.64,70,99,10.8,moderate rain
16,Andros Town,BS,24.7,-77.7667,71.56,67,3,12.48,clear sky
17,Tura,IN,25.5198,90.2201,64.18,50,1,2.91,clear sky
18,Namie,JP,37.4833,141.0,40.96,51,77,4.34,broken clouds
19,Yumen,CN,40.2833,97.2,15.58,63,100,10.69,overcast clouds
20,Mataura,NZ,-46.1927,168.8643,60.48,34,8,2.75,clear sky
21,Talara,PE,-4.5772,-81.2719,71.6,83,62,11.27,broken clouds
22,Ilulissat,GL,69.2167,-51.1,5.02,72,20,10.36,few clouds
23,Altamira,BR,-3.2033,-52.2064,72.48,99,100,2.42,overcast clouds
24,Cape Town,ZA,-33.9258,18.4232,65.26,86,75,1.01,broken clouds
25,Puerto Ayora,EC,-0.7393,-90.3518,73.54,93,20,1.99,few clouds
26,Hermanus,ZA,-34.4187,19.2345,66.79,92,66,4.25,broken clouds
27,Cidreira,BR,-30.1811,-50.2056,68.22,74,8,7.81,clear sky
28,Yellowknife,CA,62.456,-114.3525,-3.59,91,20,3.44,few clouds
29,Brewster,US,41.3973,-73.6171,28.78,87,75,0.0,broken clouds
30,Ancud,CL,-41.8697,-73.8203,54.93,89,5,2.86,clear sky
31,Tuy Hoa,VN,13.0833,109.3,77.32,82,75,6.78,broken clouds
32,Bethel,US,41.3712,-73.414,28.53,83,75,0.0,broken clouds
33,Saskylakh,RU,71.9167,114.0833,-27.18,100,93,4.09,overcast clouds
34,Terrace Bay,CA,48.7834,-87.1,8.22,91,97,16.06,overcast clouds
35,Kieta,PG,-6.2167,155.6333,86.86,68,100,11.68,overcast clouds
36,Cienfuegos,CU,22.1461,-80.4356,71.74,83,14,6.91,few clouds
37,Suruc,TR,36.9761,38.425,37.6,66,0,4.56,clear sky
38,Nome,US,64.5011,-165.4064,-7.53,59,0,13.8,clear sky
39,Arraial Do Cabo,BR,-22.9661,-42.0278,75.36,92,0,18.75,clear sky
40,Qaanaaq,GL,77.484,-69.3632,-11.67,59,29,7.25,scattered clouds
41,Castro,BR,-24.7911,-50.0119,61.56,84,2,2.1,clear sky
42,Hofn,IS,64.2539,-15.2082,31.5,76,100,17.96,light snow
43,Collipulli,CL,-37.95,-72.4333,58.03,65,0,4.45,clear sky
44,Piranhas,BR,-16.4269,-51.8222,72.77,95,99,2.64,overcast clouds
45,Esmeraldas,BR,-19.7625,-44.3139,70.11,98,100,2.19,light rain
46,Manggar,ID,-2.8833,108.2667,82.94,75,100,8.95,overcast clouds
47,Rio Grande,BR,-32.035,-52.0986,62.71,61,0,14.7,clear sky
48,Tomatlan,MX,19.9333,-105.25,65.84,86,100,1.83,overcast clouds
49,Nola,IT,40.922,14.5329,54.55,79,54,7.56,broken clouds
50,Saint George,US,37.1041,-113.5841,52.39,25,0,3.0,clear sky
51,Kupang,ID,-10.1667,123.5833,85.44,72,35,9.8,scattered clouds
52,Rikitea,PF,-23.1203,-134.9692,79.02,72,16,18.75,few clouds
53,Hithadhoo,MV,-0.6,73.0833,82.51,68,26,14.41,scattered clouds
54,Ponta Do Sol,PT,32.6667,-17.1,63.23,70,7,10.65,clear sky
55,Atuona,PF,-9.8,-139.0333,78.8,77,12,17.09,few clouds
56,Ocos,GT,14.5094,-92.1933,77.0,75,9,3.87,clear sky
57,Hilo,US,19.7297,-155.09,73.26,89,85,8.46,overcast clouds
58,Ahipara,NZ,-35.1667,173.1667,75.11,96,97,6.17,overcast clouds
59,Half Moon Bay,US,37.4636,-122.4286,59.61,72,100,1.01,mist
60,Vaini,TO,-21.2,-175.2,75.36,100,100,4.61,light intensity shower rain
61,Abashiri,JP,44.0213,144.2697,27.95,74,75,11.5,broken clouds
62,Airai,TL,-8.9266,125.4092,75.2,61,29,2.35,scattered clouds
63,Jamestown,US,42.097,-79.2353,29.79,45,0,10.36,clear sky
64,Busselton,AU,-33.65,115.3333,69.08,51,70,20.04,broken clouds
65,Bluff,NZ,-46.6,168.3333,60.8,67,0,13.67,clear sky
66,Kahului,US,20.8947,-156.47,78.82,60,40,20.71,scattered clouds
67,Severo-Kurilsk,RU,50.6789,156.125,31.41,81,100,9.33,overcast clouds
68,Koungou,YT,-12.7336,45.2042,80.31,83,75,11.5,light rain
69,Karratha,AU,-20.7377,116.8463,90.97,58,65,10.78,broken clouds
70,Kapaa,US,22.0752,-159.319,78.78,73,20,4.0,few clouds
71,Port Elizabeth,ZA,-33.918,25.5701,70.92,74,25,3.51,scattered clouds
72,Pevek,RU,69.7008,170.3133,-23.37,98,27,0.92,scattered clouds
73,Albany,US,42.6001,-73.9662,21.31,76,10,4.18,clear sky
74,Faanui,PF,-16.4833,-151.75,81.01,75,100,20.13,light rain
75,Hobart,AU,-42.8794,147.3294,82.02,33,20,8.05,few clouds
76,Tondano,ID,1.3038,124.9112,80.69,62,94,7.23,overcast clouds
77,Provideniya,RU,64.3833,-173.3,3.31,66,0,11.18,clear sky
78,Phan Thiet,VN,10.9333,108.1,87.53,54,62,14.32,broken clouds
79,New Norfolk,AU,-42.7826,147.0587,80.65,28,0,1.99,clear sky
80,Buin,CL,-33.7333,-70.75,75.74,60,0,2.04,clear sky
81,Husavik,IS,66.0449,-17.3389,24.71,85,100,14.5,overcast clouds
82,Maniitsoq,GL,65.4167,-52.9,4.1,91,100,13.62,light snow
83,Chuy,UY,-33.6971,-53.4616,62.26,82,39,13.44,scattered clouds
84,Kaitangata,NZ,-46.2817,169.8464,58.93,79,52,8.32,broken clouds
85,Clyde River,CA,70.4692,-68.5914,-30.77,68,20,10.36,few clouds
86,Gizo,SB,-8.103,156.8419,85.51,72,100,13.58,light rain
87,Hambantota,LK,6.1241,81.1185,79.14,83,40,5.75,scattered clouds
88,Kontagora,NG,10.3999,5.4695,69.84,20,0,6.87,clear sky
89,Gisborne,NZ,-38.6533,178.0042,67.95,98,100,9.37,overcast clouds
90,Mahebourg,MU,-20.4081,57.7,79.25,82,100,11.21,overcast clouds
91,Antofagasta,CL,-23.65,-70.4,65.48,74,23,1.16,few clouds
92,Leningradskiy,RU,69.3833,178.4167,-27.76,100,62,2.86,broken clouds
93,Cabo San Lucas,MX,22.8909,-109.9124,67.51,73,20,0.0,few clouds
94,Guerrero Negro,MX,27.9769,-114.0611,59.95,61,0,6.35,clear sky
95,Kaitong,CN,44.8135,123.15,17.51,76,3,7.2,clear sky
96,Nikolskoye,RU,59.7035,30.7861,35.87,97,100,7.11,overcast clouds
97,Carnarvon,AU,-24.8667,113.6333,78.87,36,5,20.71,clear sky
98,Torbay,CA,47.6666,-52.7314,13.57,77,75,18.41,broken clouds
99,Barrow,US,71.2906,-156.7887,-27.38,68,0,14.97,clear sky
100,Caravelas,BR,-17.7125,-39.2481,75.47,89,50,5.55,scattered clouds
101,Lorengau,PG,-2.0226,147.2712,84.29,73,99,7.43,overcast clouds
102,Fortuna,US,40.5982,-124.1573,46.42,91,0,3.42,clear sky
103,Linjiang,CN,41.8069,126.9078,21.81,62,75,3.87,broken clouds
104,Thompson,CA,55.7435,-97.8558,-5.64,71,100,4.61,overcast clouds
105,Nantucket,US,41.2835,-70.0995,33.91,69,0,11.5,clear sky
106,Polis,CY,35.0367,32.4264,46.22,95,0,2.71,clear sky
107,Mahibadhoo,MV,3.7833,72.9667,81.09,68,50,9.93,scattered clouds
108,Gorontalo,ID,0.5412,123.0595,91.15,49,95,3.15,overcast clouds
109,Khatanga,RU,71.9667,102.5,-17.07,98,99,9.6,overcast clouds
110,Bousse,BF,12.6606,-1.8922,71.17,15,0,9.71,clear sky
111,Grand Gaube,MU,-20.0064,57.6608,79.38,80,91,7.0,overcast clouds
112,Salvador,SV,13.8333,-88.9167,73.06,62,65,3.02,broken clouds
113,Mandera,KE,3.9366,41.867,74.97,42,88,6.04,overcast clouds
114,Ostrovnoy,RU,68.0531,39.5131,11.34,88,16,17.83,few clouds
115,Sao Filipe,CV,14.8961,-24.4956,71.98,76,8,6.04,clear sky
116,Mar Del Plata,AR,-38.0023,-57.5575,63.88,79,40,23.0,scattered clouds
117,Winslow,US,35.0242,-110.6974,38.3,21,0,4.61,clear sky
118,Hof,DE,50.3167,11.9167,34.63,85,75,16.11,broken clouds
119,Hamilton,US,39.1834,-84.5333,30.42,86,0,1.01,clear sky
120,Dnestrovsc,MD,46.6222,29.9133,35.96,56,84,12.3,broken clouds
121,Broome,US,42.2506,-75.833,23.9,69,0,1.01,clear sky
122,Tasiilaq,GL,65.6145,-37.6368,21.36,56,100,60.87,light snow
123,Concarneau,FR,47.875,-3.9225,50.83,91,59,9.1,broken clouds
124,Norman Wells,CA,65.282,-126.8329,-12.96,70,100,18.41,light snow
125,Birin,NP,26.8865,88.0718,45.97,76,67,3.4,broken clouds
126,Pak Phanang,TH,8.3511,100.202,89.62,68,88,7.61,overcast clouds
127,Mana,GF,5.6592,-53.7767,77.36,87,100,7.34,overcast clouds
128,Ribeira Grande,PT,38.5167,-28.7,61.0,83,10,16.71,clear sky
129,Faya,SA,18.3851,42.4509,50.52,85,8,3.09,clear sky
130,Ares,BR,-6.1944,-35.1603,80.69,78,1,5.84,clear sky
131,Coihueco,CL,-36.6167,-71.8333,65.14,39,0,0.0,clear sky
132,Tilichiki,RU,60.4667,166.1,-5.75,79,1,8.68,clear sky
133,Tsaratanana,MG,-16.7833,47.65,72.75,92,66,2.64,broken clouds
134,Pisco,PE,-13.7,-76.2167,66.02,94,40,4.61,scattered clouds
135,Matara,LK,5.9485,80.5353,84.04,62,95,3.53,overcast clouds
136,Dikson,RU,73.5069,80.5464,-13.05,97,100,16.33,overcast clouds
137,Amarkantak,IN,22.6667,81.75,67.96,17,0,0.72,clear sky
138,Bambous Virieux,MU,-20.3428,57.7575,79.21,81,100,10.87,light rain
139,Kondinskoye,RU,59.6481,67.41,8.62,92,100,10.33,overcast clouds
140,Nanortalik,GL,60.1432,-45.2371,16.72,60,100,48.92,overcast clouds
141,Bredasdorp,ZA,-34.5322,20.0403,66.27,91,13,5.59,few clouds
142,Arona,ES,28.0996,-16.681,59.31,70,0,1.99,clear sky
143,San Cristobal,VE,7.7669,-72.225,69.98,87,55,1.52,broken clouds
144,Namibe,AO,-15.1961,12.1522,72.28,70,95,7.43,overcast clouds
145,Portales,US,34.1862,-103.3344,31.1,77,79,7.36,broken clouds
146,Chavakkad,IN,10.5333,76.05,79.97,61,48,8.05,scattered clouds
147,Butaritari,KI,3.0707,172.7902,81.66,76,63,15.66,moderate rain
148,Talnakh,RU,69.4865,88.3972,-27.45,97,56,1.52,broken clouds
149,Luanda,AO,-8.8368,13.2343,72.93,88,100,5.37,overcast clouds
150,Dubbo,AU,-32.25,148.6167,78.93,38,40,16.11,scattered clouds
151,Kutum,SD,14.2,24.6667,45.7,34,18,8.61,few clouds
152,Viedma,AR,-40.8135,-62.9967,60.89,77,0,8.57,clear sky
153,Barguzin,RU,53.6167,109.6167,13.15,91,73,0.18,broken clouds
154,Zhigansk,RU,66.7697,123.3711,-27.83,97,93,3.11,overcast clouds
155,Manbij,SY,36.5281,37.9549,34.57,66,1,6.78,clear sky
156,Tessalit,ML,20.1986,1.0114,59.02,17,0,6.2,clear sky
157,Seymchan,RU,62.8833,152.4333,-25.22,92,27,1.01,scattered clouds
158,Gambela,ET,8.25,34.5833,72.7,33,100,1.3,overcast clouds
159,Haines Junction,CA,60.7522,-137.5108,40.95,38,43,10.36,scattered clouds
160,Turan,VN,16.0678,108.2208,78.78,69,40,4.61,scattered clouds
161,Mount Isa,AU,-20.7333,139.5,91.17,33,32,13.8,scattered clouds
162,Nuuk,GL,64.1835,-51.7216,7.41,85,100,9.22,light snow
163,Bilma,NE,18.6853,12.9164,55.87,18,0,7.87,clear sky
164,Hasaki,JP,35.7333,140.8333,50.29,31,7,4.41,clear sky
165,Thinadhoo,MV,0.5333,72.9333,82.74,62,98,13.06,overcast clouds
166,Komsomolskiy,UZ,40.4272,71.7189,38.62,81,75,6.91,broken clouds
167,Biloli,IN,18.7667,77.7333,68.14,48,84,6.82,broken clouds
168,Tuktoyaktuk,CA,69.4541,-133.0374,-29.2,68,75,12.66,broken clouds
169,Coquimbo,CL,-29.9533,-71.3436,64.13,82,100,4.61,overcast clouds
170,Port Alfred,ZA,-33.5906,26.891,73.33,77,69,3.91,broken clouds
171,Sao Felix Do Xingu,BR,-6.6447,-51.995,71.17,98,79,1.23,broken clouds
172,Saldanha,ZA,-33.0117,17.9442,62.65,98,37,8.59,scattered clouds
173,Vaitape,PF,-16.5167,-151.75,81.05,75,91,20.47,overcast clouds
174,Port Lincoln,AU,-34.7333,135.8667,79.45,48,0,18.54,clear sky
175,Blanquefort,FR,44.9125,-0.6366,52.3,94,100,11.5,overcast clouds
176,East London,ZA,-33.0153,27.9116,70.74,94,0,4.61,clear sky
177,Anadyr,RU,64.75,177.4833,-14.3,76,0,8.95,clear sky
178,Saint-Joseph,RE,-21.3667,55.6167,77.36,77,88,11.48,overcast clouds
179,Codrington,AU,-38.2667,141.9667,80.31,36,0,17.52,clear sky
180,Wyndham,US,37.6985,-77.6125,35.38,61,100,1.01,overcast clouds
181,Tulun,RU,54.5611,100.5792,16.23,92,100,1.59,overcast clouds
182,Vao,NC,-22.6667,167.4833,81.16,82,45,13.24,scattered clouds
183,Puerto Carreno,CO,6.189,-67.4859,81.95,58,69,1.95,broken clouds
184,Shubarkuduk,KZ,49.1447,56.4872,12.02,97,100,6.13,overcast clouds
185,Kavieng,PG,-2.5744,150.7967,83.73,71,65,2.95,broken clouds
186,Suez,EG,29.9737,32.5263,52.56,70,0,3.49,clear sky
187,Cruzeiro,BR,-22.5761,-44.9628,73.58,99,100,1.28,overcast clouds
188,Narsaq,GL,60.9167,-46.05,10.62,82,100,5.57,light snow
189,Geraldton,AU,-28.7667,114.6,77.41,38,40,17.27,scattered clouds
190,Brae,GB,60.3964,-1.353,39.11,58,96,27.51,overcast clouds
191,Puerto Escondido,MX,15.85,-97.0667,79.63,73,0,0.0,clear sky
192,Kristinehamn,SE,59.3098,14.1081,31.03,82,38,5.3,scattered clouds
193,Nueve De Julio,AR,-35.4444,-60.8831,61.72,96,1,6.91,clear sky
194,Nicoya,CR,10.1483,-85.452,78.35,73,8,5.5,clear sky
195,Saint-Philippe,RE,-21.3585,55.7679,78.35,83,94,15.12,overcast clouds
196,Tauranga,NZ,-37.6861,176.1667,70.14,97,100,7.99,overcast clouds
197,Berlevag,NO,70.8578,29.0864,19.9,85,60,20.71,broken clouds
198,Hovd,MN,48.0056,91.6419,-6.72,68,9,2.3,clear sky
199,Port Hardy,CA,50.6996,-127.4199,47.75,81,100,18.41,light intensity shower rain
200,Xingyi,CN,24.1877,102.817,56.28,45,7,9.84,clear sky
201,Sibolga,ID,1.7427,98.7792,85.75,59,78,3.58,broken clouds
202,Alawalpur,IN,31.4328,75.6508,57.2,72,15,1.74,few clouds
203,Romilly-Sur-Seine,FR,48.5108,3.7263,43.09,78,18,13.47,few clouds
204,Meulaboh,ID,4.1363,96.1285,79.63,81,98,3.76,overcast clouds
205,Deputatskiy,RU,69.3,139.9,-31.58,94,83,4.63,broken clouds
206,Nemuro,JP,43.3236,145.575,28.83,69,45,11.59,scattered clouds
207,Panama City,PA,8.9936,-79.5197,80.06,77,0,4.61,clear sky
208,Binga,ZW,-17.6203,27.3414,67.24,82,77,1.79,broken clouds
209,Yulara,AU,-25.2406,130.9889,91.24,17,0,13.8,clear sky
210,Viransehir,TR,37.2353,39.7631,35.1,62,0,6.2,clear sky
211,Upernavik,GL,72.7868,-56.1549,-13.76,100,100,8.72,overcast clouds
212,San Jeronimo,PE,-11.9472,-75.2829,49.37,85,100,0.27,overcast clouds
213,Kyabe,TD,9.4515,18.9449,69.03,17,0,6.35,clear sky
214,Manaus,BR,-3.1019,-60.025,77.5,100,40,2.3,scattered clouds
215,Bereda,ES,43.2686,-7.5406,40.57,98,60,1.74,broken clouds
216,Alofi,NU,-19.0595,-169.9187,82.29,18,100,4.61,light intensity drizzle
217,Chontalpa,MX,17.7,-93.5167,61.77,94,89,0.76,overcast clouds
218,Chara,RU,56.9064,118.2631,1.6,80,76,1.23,broken clouds
219,Hailey,US,43.5196,-114.3153,22.86,74,0,0.0,clear sky
220,Iqaluit,CA,63.7506,-68.5145,-40.27,67,0,2.3,clear sky
221,Pitimbu,BR,-7.4706,-34.8086,79.39,73,6,7.96,clear sky
222,Noumea,NC,-22.2763,166.4572,78.78,84,78,17.02,broken clouds
223,Avera,US,33.194,-82.5271,41.68,57,99,6.38,overcast clouds
224,Victoria,HK,22.2855,114.1577,65.97,90,100,1.01,overcast clouds
225,Georgetown,MY,5.4112,100.3354,84.88,79,20,5.01,few clouds
226,Ternate,ID,0.8,127.4,82.71,72,100,6.96,overcast clouds
227,Kholtoson,RU,50.2981,103.3097,14.36,67,33,3.31,scattered clouds
228,Espanola,US,35.9911,-106.0806,31.6,82,43,2.53,scattered clouds
229,Cayenne,GF,4.9333,-52.3333,80.1,87,75,3.0,broken clouds
230,Atbasar,KZ,51.8,68.3333,15.01,95,95,8.16,overcast clouds
231,San Quintin,MX,30.4833,-115.95,57.9,48,0,3.78,clear sky
232,Dwarka,IN,22.2394,68.9678,69.73,58,4,4.27,clear sky
233,Mancio Lima,BR,-7.6142,-72.8958,73.38,97,100,1.99,overcast clouds
234,Narrabri,AU,-30.3167,149.7833,80.69,32,0,16.11,clear sky
235,Kaeo,NZ,-35.1,173.7833,77.32,96,100,6.64,overcast clouds
236,Alto Paraguai,BR,-14.5136,-56.4825,73.85,97,100,3.69,overcast clouds
237,Itarema,BR,-2.9248,-39.9167,77.88,81,2,9.53,clear sky
238,Aitape,PG,-3.1374,142.3475,83.66,72,100,6.6,overcast clouds
239,Kenscoff,HT,18.4506,-72.2869,57.34,88,37,4.61,scattered clouds
240,Tukrah,LY,32.5341,20.5791,55.35,72,86,9.64,overcast clouds
241,Fenoarivo,MG,-18.933,47.4354,66.27,88,75,8.05,broken clouds
242,Utinga,BR,-5.8172,-35.3954,81.0,83,40,4.61,scattered clouds
243,Kanashevo,RU,55.2169,62.0634,-6.45,100,99,4.59,overcast clouds
244,Nsukka,NG,6.8561,7.3927,66.36,45,0,0.81,clear sky
245,Te Anau,NZ,-45.4167,167.7167,70.7,39,26,1.39,scattered clouds
246,Saint-Augustin,CA,51.226,-58.6502,-25.44,92,20,4.59,few clouds
247,Porto Nacional,BR,-10.7081,-48.4172,75.2,92,100,0.63,overcast clouds
248,Havre-Saint-Pierre,CA,50.2334,-63.5986,10.99,78,100,11.5,overcast clouds
249,Coihaique,CL,-45.5752,-72.0662,66.81,72,0,4.61,clear sky
250,Silver City,US,32.7701,-108.2803,39.16,44,75,1.99,broken clouds
251,Tautira,PF,-17.7333,-149.15,86.02,76,70,19.6,light rain
252,Srednekolymsk,RU,67.45,153.6833,-27.6,97,28,1.19,scattered clouds
253,Eravur,LK,7.7733,81.6095,79.75,74,52,7.16,broken clouds
254,Salalah,OM,17.0151,54.0924,73.49,25,0,17.27,clear sky
255,Barcelos,PT,41.5388,-8.6151,48.69,66,62,5.37,broken clouds
256,Nabire,ID,-3.3667,135.4833,83.01,72,100,2.53,overcast clouds
257,Tezu,IN,27.9167,96.1667,64.94,43,1,2.77,clear sky
258,Sao Jose Da Coroa Grande,BR,-8.8978,-35.1478,79.56,71,63,5.3,broken clouds
259,Kolyshley,RU,52.7005,44.5367,17.11,97,100,4.21,overcast clouds
260,San Patricio,US,28.017,-97.5169,57.18,83,100,9.93,overcast clouds
261,Mangaluru,IN,12.8667,74.8833,77.86,73,20,3.44,few clouds
262,Mayo,US,38.8876,-76.5119,34.25,66,100,1.01,overcast clouds
263,Coahuayana,MX,18.7333,-103.6833,69.33,74,58,3.42,broken clouds
264,Dao,PH,11.3937,122.6856,84.47,62,58,11.34,broken clouds
265,Bhadrak,IN,21.0633,86.5054,70.77,54,84,3.11,broken clouds
266,Mount Gambier,AU,-37.8333,140.7667,89.51,14,0,17.27,clear sky
267,Kalaleh,IR,37.3807,55.4916,33.4,86,0,0.0,clear sky
268,Dharan,NP,26.8125,87.2835,59.31,65,82,3.6,broken clouds
269,Chicama,PE,-7.8447,-79.1469,66.74,74,99,5.06,overcast clouds
270,Lac Du Bonnet,CA,50.2536,-96.0612,-7.24,99,97,4.76,overcast clouds
271,Mogadishu,SO,2.0371,45.3438,76.87,83,40,13.8,scattered clouds
272,Fukue,JP,32.6881,128.8419,46.76,53,75,5.75,broken clouds
273,Tigil,RU,57.8,158.6667,20.28,78,63,8.93,broken clouds
274,Muisne,EC,0.6,-80.0333,75.76,88,66,4.29,light rain
275,Constitucion,CL,-35.3333,-72.4167,57.69,78,0,2.21,clear sky
276,Amarante,BR,-6.2411,-42.8547,73.78,89,56,1.66,broken clouds
277,Dhidhdhoo,MV,6.8833,73.1,80.53,69,12,9.55,few clouds
278,Cap-Aux-Meules,CA,47.3821,-61.8597,14.02,73,100,4.61,overcast clouds
279,Damavand,IR,35.7178,52.065,28.24,69,99,4.59,overcast clouds
280,Sheridan,US,44.8333,-106.9173,36.91,56,0,6.91,clear sky
281,Paamiut,GL,61.994,-49.6678,10.99,80,100,31.38,light snow
282,Bubaque,GW,11.2833,-15.8333,76.21,70,13,8.57,few clouds
283,Vilyuysk,RU,63.7553,121.6247,-16.56,95,100,7.31,overcast clouds
284,Klyuchi,RU,52.2667,79.1667,6.19,75,3,7.18,clear sky
285,Kawalu,ID,-7.3817,108.2082,78.37,80,100,4.18,overcast clouds
286,Caceres,ES,39.522,-6.3748,37.8,77,8,4.41,clear sky
287,Pascagoula,US,30.3658,-88.5561,41.04,93,0,0.0,clear sky
288,Cherskiy,RU,68.75,161.3,-29.07,100,33,1.45,scattered clouds
289,Ekibastuz,KZ,51.6667,75.3667,10.31,71,9,7.76,clear sky
290,Ossora,RU,59.2353,163.0719,11.82,89,100,10.83,light snow
291,Sao Joao Da Barra,BR,-21.6403,-41.0511,75.63,88,2,16.71,clear sky
292,Bhawanipatna,IN,19.9,83.1667,74.05,30,79,2.35,broken clouds
293,Khani,GE,41.9563,42.9566,24.37,86,89,5.82,overcast clouds
294,Egvekinot,RU,66.3167,-179.1667,-14.8,86,2,10.76,clear sky
295,Mananjary,MG,-21.2167,48.3333,76.91,94,99,4.07,overcast clouds
296,Yining,CN,29.0361,114.5636,37.51,100,100,2.51,overcast clouds
297,Rock Springs,US,41.5875,-109.2029,25.05,64,0,5.99,clear sky
298,Askino,RU,56.0901,56.5783,10.85,97,100,2.24,overcast clouds
299,Genc,TR,38.7507,40.5603,10.27,82,9,3.67,clear sky
300,Bloemhof,ZA,-27.6469,25.607,63.07,69,44,7.83,scattered clouds
301,Plettenberg Bay,ZA,-34.0527,23.3716,67.96,66,0,4.09,clear sky
302,Klaksvik,FO,62.2266,-6.589,29.32,48,100,10.09,overcast clouds
303,Axim,GH,4.8699,-2.2405,77.72,88,86,4.21,overcast clouds
304,Quatre Cocos,MU,-20.2078,57.7625,79.09,79,97,9.82,overcast clouds
305,Moerai,PF,-22.4333,-151.3333,80.02,76,84,15.66,light rain
306,College,US,64.8569,-147.8028,-4.41,77,75,0.0,broken clouds
307,Taber,CA,49.8167,-112.1518,43.0,42,55,13.8,broken clouds
308,Jasper,US,37.2001,-94.3502,33.98,75,0,0.0,clear sky
309,Zhanakorgan,KZ,43.9098,67.2495,29.16,91,54,7.38,broken clouds
310,Olkhovka,RU,53.2115,60.6069,9.7,94,100,4.47,overcast clouds
311,Puerto Colombia,CO,10.9878,-74.9547,78.89,81,0,26.4,clear sky
312,Laguna,US,38.421,-121.4238,57.31,70,0,4.61,clear sky
313,Vila Franca Do Campo,PT,37.7167,-25.4333,59.2,80,22,12.84,few clouds
314,Ahuimanu,US,21.4447,-157.8378,80.31,71,20,4.0,few clouds
315,Preston,GB,53.7667,-2.7167,41.74,88,7,4.81,clear sky
316,Disna,BY,55.568,28.1971,33.03,98,100,15.64,light snow
317,Lavrentiya,RU,65.5833,-171.0,-18.74,94,58,7.56,broken clouds
318,Sorland,NO,67.667,12.6934,39.7,67,100,21.45,overcast clouds
319,Kodiak,US,57.79,-152.4072,35.11,51,0,17.27,clear sky
320,Krasnoarmeyskiy,RU,47.0114,42.2072,25.88,96,95,8.52,overcast clouds
321,Lagoa,PT,39.05,-27.9833,59.5,84,6,16.98,clear sky
322,Harper,LR,4.375,-7.7169,78.75,83,100,5.79,overcast clouds
323,Kendari,ID,-3.945,122.4989,85.08,72,81,10.45,heavy intensity rain
324,Westport,US,41.1415,-73.3579,31.8,77,100,1.99,overcast clouds
325,Bayburt,TR,40.2589,40.2278,4.3,96,100,3.58,overcast clouds
326,Bud,US,39.447,-86.1758,28.35,87,100,5.82,overcast clouds
327,Umm Lajj,SA,25.0213,37.2685,64.69,35,0,15.66,clear sky
328,Tiksi,RU,71.6872,128.8694,-17.91,98,100,6.55,overcast clouds
329,Vestmanna,FO,62.1564,-7.1664,27.52,69,75,1.14,broken clouds
330,Dingle,PH,10.9995,122.6711,84.38,62,38,15.14,scattered clouds
331,Almaznyy,RU,48.0448,40.045,30.34,92,71,7.36,light snow
332,Chateaubelair,VC,13.2833,-61.25,77.61,81,88,13.33,overcast clouds
333,Bathsheba,BB,13.2167,-59.5167,77.61,83,75,12.66,broken clouds
334,Naantali,FI,60.4674,22.0243,30.85,100,100,3.44,fog
335,Teya,RU,60.3778,92.6267,4.66,98,94,3.09,overcast clouds
336,Nara,JP,34.6851,135.8049,47.97,43,95,8.21,overcast clouds
337,Souillac,MU,-20.5167,57.5167,78.37,80,100,10.87,overcast clouds
338,Aguimes,ES,27.9054,-15.4461,61.43,72,20,18.41,few clouds
339,Rognan,NO,67.0953,15.3878,27.88,76,100,2.82,overcast clouds
340,Ola,RU,59.5833,151.2833,12.15,67,43,9.84,scattered clouds
341,Blairmore,CA,49.6,-114.4353,40.12,55,100,4.61,overcast clouds
342,Qaqortoq,GL,60.7167,-46.0333,10.9,56,100,35.86,overcast clouds
343,Sakakah,SA,29.9697,40.2064,40.57,61,0,4.41,clear sky
344,Elko,US,41.0002,-115.5012,28.42,52,0,4.0,clear sky
345,Bonavista,CA,48.6499,-53.1147,12.11,64,53,18.1,broken clouds
346,Jiaojiang,CN,28.6803,121.4428,45.0,98,100,5.01,light rain
347,Ginir,ET,7.1333,40.7,55.87,28,37,3.04,scattered clouds
348,Vila Velha,BR,-20.3297,-40.2925,78.75,90,40,1.99,scattered clouds
349,Vestmannaeyjar,IS,63.4427,-20.2734,36.81,98,100,63.04,overcast clouds
350,Shache,CN,38.4167,77.2406,29.37,50,100,1.77,overcast clouds
351,Muzhi,RU,65.3667,64.6667,-24.52,100,100,0.63,overcast clouds
352,Rocha,UY,-34.4833,-54.3333,63.54,81,99,15.01,overcast clouds
353,Sabha,LY,27.0377,14.4283,51.53,24,61,9.35,broken clouds
354,Sola,VU,-13.8833,167.55,82.6,80,100,21.77,light rain
355,Kysyl-Syr,RU,63.8986,122.7617,-20.56,95,97,7.07,overcast clouds
356,Kruisfontein,ZA,-34.0033,24.7314,68.23,68,0,5.61,clear sky
357,Kiama,AU,-34.6833,150.8667,74.37,67,36,1.01,scattered clouds
358,Puerto Quijarro,BO,-17.7833,-57.7667,72.64,97,99,2.89,overcast clouds
359,Cuenca,EC,-2.8833,-78.9833,55.53,94,100,3.44,overcast clouds
360,Broken Hill,AU,-31.95,141.4333,83.91,24,40,18.41,scattered clouds
361,Krasnoselkup,RU,65.7,82.4667,-21.87,100,37,7.45,scattered clouds
362,Kaihua,CN,23.3687,104.28,55.54,75,96,6.87,overcast clouds
363,Vinh,VN,18.6667,105.6667,73.18,71,28,0.27,scattered clouds
364,Portland,US,45.5234,-122.6762,49.37,85,0,3.0,clear sky
365,Aklavik,CA,68.2191,-135.0107,-23.08,89,100,19.24,overcast clouds
366,Umea,SE,63.8284,20.2597,26.53,93,100,4.61,overcast clouds
367,Iquitos,PE,-3.7481,-73.2472,77.04,94,40,3.44,scattered clouds
368,Ginda,IN,30.6945,78.4932,38.37,38,1,2.98,clear sky
369,Labytnangi,RU,66.6572,66.4183,-19.82,100,100,1.14,overcast clouds
370,Ridgecrest,US,35.6225,-117.6709,58.46,20,0,1.99,clear sky
371,Praia,CV,14.9215,-23.5087,68.54,83,0,10.36,clear sky
372,Sao Paulo De Olivenca,BR,-3.3783,-68.8725,72.52,98,98,2.35,overcast clouds
373,Vanimo,PG,-2.6741,141.3028,82.51,77,100,4.29,light rain
374,Sept-Iles,CA,50.2001,-66.3821,4.05,83,100,1.01,overcast clouds
375,Chitrakonda,IN,18.1167,82.0833,75.24,42,87,2.8,overcast clouds
376,Bac Lieu,VN,9.285,105.7244,87.53,54,89,13.73,overcast clouds
377,Kovdor,RU,67.5662,30.4758,6.22,98,100,2.73,overcast clouds
378,Yenagoa,NG,4.9247,6.2642,74.95,90,17,3.0,few clouds
379,Camacha,PT,33.0833,-16.3333,59.76,63,75,16.11,broken clouds
380,Filadelfia,US,39.9523,-75.1638,32.32,74,100,1.01,overcast clouds
381,Muros,ES,42.7762,-9.0603,50.23,92,25,9.42,scattered clouds
382,Kandrian,PG,-6.2167,149.55,88.48,64,99,8.41,light rain
383,Banda Aceh,ID,5.5577,95.3222,78.76,83,100,8.86,overcast clouds
384,Cacule,BR,-14.5033,-42.2222,65.77,94,100,1.5,overcast clouds
385,Ciudad Bolivar,VE,8.1222,-63.5497,77.54,77,38,13.96,scattered clouds
386,Marsh Harbour,BS,26.5412,-77.0636,73.78,71,27,12.66,scattered clouds
387,Nyangao,TZ,-10.3333,39.2833,72.81,95,100,3.98,overcast clouds
388,Huarmey,PE,-10.0681,-78.1522,71.2,79,100,6.4,overcast clouds
389,Shakawe,BW,-18.3667,21.85,63.03,91,23,4.23,few clouds
390,Simao,CN,22.7886,100.9748,60.3,67,17,4.36,few clouds
391,Katsuura,JP,35.1333,140.3,46.51,31,25,2.42,scattered clouds
392,Vogar,IS,63.9832,-22.3874,34.36,100,100,58.7,sleet
393,Ulaangom,MN,49.9811,92.0667,-21.17,97,93,2.82,overcast clouds
394,Gra Liyia,GR,35.0167,25.6833,54.12,86,76,5.75,broken clouds
395,Balkhash,KZ,46.844,74.9804,16.41,92,100,4.47,overcast clouds
396,Chokurdakh,RU,70.6333,147.9167,-40.05,99,83,3.74,broken clouds
397,Charters Towers,AU,-20.1,146.2667,83.16,45,99,8.23,overcast clouds
398,Tupik,RU,54.4253,119.9327,4.75,77,70,2.59,broken clouds
399,Dragoman,BG,42.9189,22.9317,33.39,95,66,2.01,broken clouds
400,Aripuana,BR,-9.1667,-60.6333,72.03,100,100,2.08,overcast clouds
401,Riyadh,SA,24.6877,46.7219,48.34,46,0,2.59,clear sky
402,Najran,SA,17.4924,44.1277,48.85,56,32,2.71,scattered clouds
403,Ambulu,ID,-8.345,113.6058,86.77,66,27,3.24,scattered clouds
404,Leh,IN,34.1667,77.5833,12.69,94,100,3.4,overcast clouds
405,Kokkola,FI,63.8385,23.1307,31.93,94,75,4.0,broken clouds
406,Luau,AO,-10.7073,22.2247,61.2,96,97,3.36,overcast clouds
407,Senador Guiomard,BR,-10.1522,-67.7392,73.15,88,100,3.83,moderate rain
408,Mahajanga,MG,-15.7167,46.3167,75.22,94,20,3.44,few clouds
409,Tancheng,CN,27.4375,115.4976,40.3,93,100,2.75,light rain
410,Barcelona,ES,41.3888,2.159,48.97,68,20,1.99,few clouds
411,Lompoc,US,34.6391,-120.4579,57.52,76,0,5.75,clear sky
412,Vardo,NO,70.3705,31.1107,21.4,82,52,20.69,broken clouds
413,Zima,RU,53.9202,102.0442,17.42,89,100,3.78,overcast clouds
414,Goderich,CA,43.7501,-81.7165,28.9,69,100,13.8,overcast clouds
415,Oranjestad,AW,12.524,-70.027,78.75,73,20,12.66,few clouds
416,Dakar,SN,14.6937,-17.4441,69.93,94,0,2.3,clear sky
417,Troitsko-Pechorsk,RU,62.7084,56.1964,9.82,91,100,6.89,overcast clouds
418,Zarubino,RU,42.63,131.0922,22.03,45,1,12.37,clear sky
419,Mangan,IN,27.5167,88.5333,58.48,47,0,5.06,clear sky
420,Pinawa,CA,50.1489,-95.8811,-9.24,100,91,4.14,overcast clouds
421,Codajas,BR,-3.8367,-62.0569,73.08,99,95,1.66,overcast clouds
422,Acarau,BR,-2.8856,-40.12,77.63,82,3,8.68,clear sky
423,Fez,MA,34.0372,-4.9998,51.91,81,0,5.75,clear sky
424,Cockburn Town,TC,21.4612,-71.1419,75.81,77,0,15.39,clear sky
425,Hervey Bay,AU,-25.2986,152.8535,77.04,83,82,8.01,light rain
426,Kulhudhuffushi,MV,6.6221,73.07,80.85,66,23,9.08,few clouds
427,High Rock,BS,26.6208,-78.2833,66.22,77,0,5.88,clear sky
428,Pizarro,CO,4.9533,-77.366,76.51,83,42,0.98,scattered clouds
429,Villa Carlos Paz,AR,-31.4241,-64.4978,52.88,43,0,1.99,clear sky
430,Fairbanks,US,64.8378,-147.7164,-4.4,77,100,0.0,overcast clouds
431,Los Llanos De Aridane,ES,28.6585,-17.9182,61.12,71,75,17.0,broken clouds
432,Coffs Harbour,AU,-30.3,153.1333,75.16,75,75,18.41,broken clouds
433,Tiznit,MA,29.5833,-9.5,60.19,21,4,7.72,clear sky
434,Lasa,IT,46.6166,10.7002,42.26,96,100,8.34,snow
435,Atar,MR,20.5169,-13.0499,68.36,12,2,5.95,clear sky
436,Vyshestebliyevskaya,RU,45.1961,37.0181,39.43,74,91,16.42,overcast clouds
437,Iberia,US,29.9502,-91.7507,42.96,81,0,3.44,clear sky
438,Cacheu,GW,12.2706,-16.1658,75.29,71,4,1.41,clear sky
439,Alice Springs,AU,-23.7,133.8833,87.35,23,0,5.75,clear sky
440,Tual,ID,-5.6667,132.75,83.35,69,28,3.53,scattered clouds
441,San Pedro De Macoris,DO,18.4616,-69.2972,74.48,93,67,7.05,broken clouds
442,Irtyshskiy,RU,58.3333,68.1333,5.72,87,100,7.96,overcast clouds
443,Bombo,ID,-8.6131,119.0131,86.07,71,33,4.29,scattered clouds
444,Dawlatabad,AF,36.4141,64.9053,39.43,78,100,8.37,overcast clouds
445,Werda,BW,-25.2667,23.2833,68.54,59,42,8.63,scattered clouds
446,Mattawa,US,46.7379,-119.9028,38.88,88,74,5.01,broken clouds
447,Pochinki,RU,54.6988,44.8668,13.95,97,95,4.52,overcast clouds
448,Siavonga,ZM,-16.5382,28.7088,70.2,91,95,3.58,light rain
449,Pecos,US,31.4229,-103.4932,51.89,28,40,16.11,scattered clouds
450,Waddan,LY,29.1614,16.139,54.16,28,87,6.44,overcast clouds
451,Myitkyina,MM,25.3833,97.4,67.66,45,1,3.06,clear sky
452,Ngama,TD,11.7833,17.1667,63.93,16,1,7.81,clear sky
453,Andenes,NO,69.3143,16.1194,31.98,69,100,11.5,overcast clouds
454,Ponta Delgada,PT,37.7333,-25.6667,59.72,77,75,11.5,broken clouds
455,Ambatondrazaka,MG,-17.8333,48.4167,67.66,92,76,3.91,broken clouds
456,Port-Gentil,GA,-0.7193,8.7815,79.7,84,34,10.65,scattered clouds
457,Hobyo,SO,5.3505,48.5268,76.66,69,97,18.88,overcast clouds
458,Ajaccio,FR,42.0,8.9167,53.65,87,100,4.61,overcast clouds
459,Waterloo,CA,43.4668,-80.5164,29.03,81,0,7.0,clear sky
460,Namtsy,RU,62.7161,129.6658,-29.09,94,99,2.64,overcast clouds
461,Casablanca,MA,33.5928,-7.6192,59.32,82,0,4.0,clear sky
462,Pryozerne,UA,45.2698,36.3303,38.57,80,91,13.33,overcast clouds
463,Tadine,NC,-21.55,167.8833,83.41,76,85,3.62,overcast clouds
464,Tutoia,BR,-2.7619,-42.2744,82.38,86,10,8.88,clear sky
465,Bogalusa,US,30.791,-89.8487,43.7,93,0,0.0,clear sky
466,Mandalgovi,MN,45.7625,106.2708,14.81,44,7,4.03,clear sky
467,Kaputa,ZM,-8.4689,29.6619,67.01,91,100,3.58,light rain
468,Nouakchott,MR,18.0858,-15.9785,62.53,50,29,8.81,scattered clouds
469,Zhangjiakou,CN,40.81,114.8794,22.69,36,100,3.87,overcast clouds
470,Puerto Madryn,AR,-42.7692,-65.0385,63.37,58,0,15.93,clear sky
471,Kalmunai,LK,7.4167,81.8167,79.83,75,59,10.6,heavy intensity rain
472,Fort Nelson,CA,58.8053,-122.7002,15.39,92,20,5.75,few clouds
473,Carcassonne,FR,43.25,2.1667,50.23,62,100,18.41,overcast clouds
474,Baryatino,RU,54.3121,34.521,29.08,94,99,12.55,light snow
475,Okhotsk,RU,59.3833,143.3,5.43,74,95,8.68,overcast clouds
476,Poum,NC,-20.2333,164.0167,81.36,86,100,26.96,moderate rain
477,Namatanai,PG,-3.6667,152.4333,85.15,69,100,7.52,overcast clouds
478,Funadhoo,MV,6.15,73.2667,81.23,67,46,8.75,scattered clouds
479,Tombouctou,ML,20.0,-3.0,61.09,14,1,9.31,clear sky
480,Scarborough,GB,54.2797,-0.4044,37.22,78,9,1.01,clear sky
481,Jacareacanga,BR,-6.2222,-57.7528,72.91,98,100,1.9,overcast clouds
482,Balikpapan,ID,-1.2675,116.8289,83.39,79,40,10.36,light rain
483,Seoul,KR,37.5683,126.9778,34.21,30,0,2.3,clear sky
484,La Ronge,CA,55.1001,-105.2842,12.45,85,75,3.44,broken clouds
485,Kenai,US,60.5544,-151.2583,27.14,93,100,5.75,overcast clouds
486,Sillanwali,PK,31.8261,72.5398,58.26,43,7,7.02,clear sky
487,Winton,US,37.3894,-120.6133,60.35,72,0,0.0,clear sky
488,Honningsvag,NO,70.9821,25.9704,25.03,78,43,26.04,scattered clouds
489,Nizhniy Tsasuchey,RU,50.5167,115.1333,18.72,75,8,9.84,clear sky
490,Casa Grande,US,32.8795,-111.7573,63.21,18,0,9.22,clear sky
491,Bayan,CN,46.0833,127.4,11.53,81,96,6.62,overcast clouds
492,Longyearbyen,SJ,78.2186,15.6401,15.64,73,0,4.61,clear sky
493,Paragominas,BR,-2.9667,-47.4833,71.47,99,100,1.7,moderate rain
494,Pasni,PK,25.2631,63.471,70.32,81,0,2.71,clear sky
495,Liwale,TZ,-9.7667,37.9333,70.59,86,100,4.21,overcast clouds
496,Hailar,CN,49.2,119.7,10.56,91,100,8.81,overcast clouds
497,Requena,ES,39.4883,-1.1004,40.14,39,2,5.86,clear sky
498,Jumla,NP,29.2747,82.1838,48.33,33,87,3.0,overcast clouds
499,Majene,ID,-3.5403,118.9707,85.28,69,99,3.22,overcast clouds
500,Pampierstad,ZA,-27.7832,24.6877,64.83,70,4,2.17,clear sky
501,Tromso,NO,69.6496,18.957,26.62,63,0,13.8,clear sky
502,Okato,NZ,-39.2,173.8833,68.68,91,100,7.14,overcast clouds
503,Havelock,US,34.8791,-76.9013,42.78,87,61,5.99,broken clouds
504,Toora-Khem,RU,52.4675,96.11,1.08,87,99,1.88,overcast clouds
505,Trairi,BR,-3.2778,-39.2689,76.64,84,2,6.15,clear sky
506,San Policarpo,PH,12.1791,125.5072,80.55,81,62,17.72,broken clouds
507,Bubanza,BI,-3.1167,29.4,66.94,95,100,0.2,light rain
508,Dutlwe,BW,-23.9833,23.9,67.17,60,32,7.7,scattered clouds
509,Raudeberg,NO,61.9875,5.1352,39.2,86,87,13.6,overcast clouds
510,Nelson Bay,AU,-32.7167,152.15,77.11,58,38,4.0,light rain
511,The Valley,AI,18.217,-63.0578,77.09,70,88,22.79,overcast clouds
512,Saint-Prosper,CA,46.2117,-70.4811,14.68,93,100,2.62,overcast clouds
513,Hargeysa,SO,9.56,44.065,62.24,85,88,13.44,overcast clouds
514,Baruun-Urt,MN,46.6806,113.2792,11.66,72,10,8.95,clear sky
515,Orbetello,IT,42.4408,11.2196,50.79,100,64,9.22,broken clouds
516,Mombasa,KE,-4.0547,39.6636,76.77,87,100,3.98,overcast clouds
517,Kimbe,PG,-5.5502,150.1429,84.43,74,86,5.41,moderate rain
518,Manapparai,IN,10.6,78.4167,77.86,67,21,5.99,few clouds
519,Saint-Georges,GD,12.0564,-61.7485,80.28,74,75,11.5,broken clouds
520,Bhimunipatnam,IN,17.8833,83.4333,76.51,64,95,3.24,overcast clouds
521,Neftcala,AZ,39.3742,49.2472,38.8,52,2,12.26,clear sky
522,Karpogory,RU,64.0019,44.4451,9.59,94,100,8.03,overcast clouds
523,Tevaitoa,PF,-16.7833,-151.5,80.89,75,69,20.0,light rain
524,Safaga,EG,26.7292,33.9365,57.15,51,0,14.88,clear sky
525,Padang,ID,-0.9492,100.3543,86.05,66,100,1.97,overcast clouds
526,Taikang,CN,46.8333,124.4167,15.73,65,3,5.48,clear sky
527,Santiago De Cao,PE,-7.9589,-79.2392,68.13,83,100,5.75,mist
528,Chumikan,RU,54.7183,135.315,0.86,78,15,13.82,few clouds
529,Isangel,VU,-19.55,169.2667,82.51,94,100,13.8,light rain
530,Port Blair,IN,11.6667,92.75,82.44,74,40,11.5,scattered clouds
531,Floro,NO,61.5996,5.0328,39.16,75,75,21.85,broken clouds
532,Kavaratti,IN,10.5669,72.642,77.86,67,12,8.08,few clouds
533,Sitka,US,57.0531,-135.33,44.49,76,100,14.97,light rain
534,Morehead,US,37.2711,-87.1764,29.3,91,0,0.0,clear sky
535,Ayan,RU,56.45,138.1667,10.06,61,92,5.1,overcast clouds
536,Cairo,EG,30.0626,31.2497,54.23,66,0,0.0,clear sky
537,Naryan-Mar,RU,67.6713,53.087,16.27,87,100,17.4,overcast clouds
538,Warwick,US,41.7001,-71.4162,27.93,90,20,4.61,few clouds
539,Akyab,MM,20.15,92.9,69.01,43,98,3.76,overcast clouds
540,Fuling,CN,29.7022,107.3919,41.94,86,95,2.21,overcast clouds
541,Eureka,US,40.8021,-124.1637,46.67,83,0,3.18,clear sky
542,Kolondieba,ML,11.0882,-6.8926,69.35,16,1,4.88,clear sky
543,Wloszczowa,PL,50.8526,19.9659,40.21,94,100,6.04,overcast clouds
544,Sovetskoye,RU,52.2861,85.4131,3.78,87,55,1.21,broken clouds
545,Turka,UA,49.1541,23.0297,34.25,97,100,13.09,light snow
546,Mahon,ES,39.8885,4.2658,45.16,93,0,5.75,clear sky
547,Illela,NG,13.7292,5.2975,63.84,14,0,13.4,clear sky
548,Mola Di Bari,IT,41.0609,17.0873,50.58,83,27,11.79,scattered clouds
549,College Place,US,46.0493,-118.3883,48.04,81,0,0.0,clear sky
550,Luancheng,CN,37.8792,114.6517,35.76,31,100,2.17,overcast clouds
551,Thaton,MM,16.9206,97.3714,83.79,53,30,2.53,scattered clouds
552,Santa Marta,CO,11.2408,-74.199,82.45,61,20,10.36,few clouds
553,Korla,CN,41.7597,86.1469,27.32,40,46,3.51,scattered clouds
554,Mehamn,NO,71.0357,27.8492,17.83,82,89,13.78,overcast clouds
555,Gat,IL,31.61,34.7642,54.39,100,7,6.69,clear sky
556,Bougouni,ML,11.417,-7.479,69.19,15,0,5.21,clear sky
557,Bowmore,US,34.9421,-79.3031,43.75,55,100,1.01,overcast clouds
558,Maceio,BR,-9.6658,-35.7353,74.64,88,20,4.61,few clouds
559,Mustafabad,PK,30.8922,73.4989,59.25,55,2,5.41,clear sky
560,Karasburg,NA,-28.0167,18.75,73.6,54,100,8.68,overcast clouds
561,Bundaberg,AU,-24.85,152.35,77.22,73,75,3.0,broken clouds
562,Kamaishi,JP,39.2667,141.8833,31.15,52,94,16.73,overcast clouds
563,Mikun,RU,62.3547,50.0771,17.11,96,100,5.06,overcast clouds
564,Poso,ID,-1.3959,120.7524,85.78,63,98,5.48,overcast clouds
565,Arman,RU,59.7,150.1667,12.02,75,75,6.06,broken clouds
566,Poyarkovo,RU,49.6,128.6833,6.24,86,80,0.92,broken clouds
567,Burnie,AU,-41.0667,145.9167,71.94,49,0,9.44,clear sky
568,Torquay,GB,50.4638,-3.5143,42.85,88,13,4.0,few clouds
569,Santa Rosa,PH,14.3122,121.1114,85.98,73,97,17.85,overcast clouds
570,Anito,PH,12.4497,125.2886,80.38,82,54,14.38,broken clouds
571,Saint-Gabriel,CA,46.3001,-73.3824,8.42,97,100,1.59,light snow
572,Herat,AF,34.5,62.0,40.26,58,0,4.9,clear sky
573,Vidim,RU,56.4088,103.1106,18.52,92,100,5.14,overcast clouds
574,Nizwa,OM,22.9333,57.5333,64.27,46,2,0.67,clear sky
575,Pontianak,ID,-0.0333,109.3333,84.18,74,40,0.0,scattered clouds
576,Tuatapere,NZ,-46.1333,167.6833,61.83,46,0,8.03,clear sky
577,Buraydah,SA,26.326,43.975,43.25,48,0,5.41,clear sky
578,Vyartsilya,RU,62.1764,30.693,30.24,97,100,7.83,light snow
579,Chiredzi,ZW,-21.05,31.6667,65.55,92,10,4.16,clear sky
580,Urusha,RU,54.05,122.9,9.3,65,95,2.37,overcast clouds
581,Henties Bay,NA,-22.116,14.2845,67.86,82,94,6.31,overcast clouds
582,Jieshi,CN,22.8134,115.8257,59.95,83,100,15.23,overcast clouds
583,Savannakhet,LA,16.566,104.751,75.22,73,54,2.3,broken clouds
584,Santiago Del Estero,AR,-27.7951,-64.2615,68.92,56,0,3.0,clear sky
585,Siuna,NI,13.7332,-84.7773,65.43,92,44,4.07,scattered clouds
586,Marrakesh,MA,31.6315,-8.0083,57.27,62,0,1.14,clear sky
587,Tarko-Sale,RU,64.9225,77.785,-25.35,100,82,3.89,broken clouds
588,Murgab,TM,37.4966,61.9714,39.07,87,100,9.22,overcast clouds
589,Buzmeyin,TM,38.0507,58.2056,29.93,93,40,2.3,scattered clouds
590,Jyvaskyla,FI,62.2415,25.7209,30.56,95,100,5.75,overcast clouds
591,North Bend,US,43.4065,-124.2243,49.95,90,0,0.0,mist
592,Malanje,AO,-9.5402,16.341,58.69,88,85,3.27,overcast clouds
593,Wawa,NG,9.9022,4.4192,72.68,28,0,4.63,clear sky
594,Saint-Pierre,RE,-21.3393,55.4781,80.28,74,0,4.61,clear sky
595,Awbari,LY,26.5921,12.7805,50.61,25,52,7.16,broken clouds
596,Vaasa,FI,63.096,21.6158,28.42,93,75,6.91,broken clouds
597,Aasiaat,GL,68.7098,-52.8699,7.2,91,100,8.68,light snow
598,Krasnyy Chikoy,RU,50.3643,108.7512,15.42,81,67,2.53,broken clouds
599,Padampur,IN,29.6833,73.6167,60.21,51,5,9.71,clear sky
600,Carutapera,BR,-1.195,-46.02,75.49,94,100,4.16,overcast clouds
601,Upington,ZA,-28.4478,21.2561,70.18,83,20,4.61,few clouds
602,Bandarbeyla,SO,9.4942,50.8122,75.67,72,99,12.75,overcast clouds
603,Sisophon,KH,13.5859,102.9737,88.83,44,99,6.69,overcast clouds
604,Brownsville,US,25.9018,-97.4975,59.11,91,100,3.0,moderate rain
605,Dalvik,IS,65.9702,-18.5286,24.73,88,100,9.08,overcast clouds
606,Dunmanway,IE,51.7167,-9.1167,53.42,98,97,5.91,overcast clouds
607,Roma,US,43.2128,-75.4557,26.46,76,0,6.91,clear sky
608,Zilair,RU,52.2332,57.4392,12.78,98,100,1.83,overcast clouds
609,San Jose,US,37.3394,-121.895,59.34,58,0,3.44,clear sky
610,Galich,RU,58.3797,42.3475,2.86,99,100,5.26,overcast clouds
611,Teguise,ES,29.0605,-13.564,61.02,82,1,14.97,mist
612,Stykkisholmur,IS,65.0757,-22.7297,29.01,90,100,41.74,snow
613,Bredy,RU,52.4153,60.3411,6.26,98,96,2.93,overcast clouds
614,San Antonio,US,29.4241,-98.4936,51.53,59,0,8.05,clear sky
615,Batagay,RU,67.6333,134.6333,-28.41,94,100,0.69,overcast clouds
616,San Andres,CO,12.5847,-81.7006,78.82,78,20,8.05,few clouds
617,Kostroma,RU,57.7708,40.9344,17.31,98,86,7.4,snow
618,Independence,US,39.0911,-94.4155,35.49,64,0,1.01,clear sky
619,Shimanovsk,RU,52.0,127.7,9.07,68,25,0.81,scattered clouds
620,Curvelo,BR,-18.7564,-44.4308,65.79,97,100,0.25,light rain
621,Usinsk,RU,65.9939,57.5281,5.47,84,100,7.94,overcast clouds
622,Roebourne,AU,-20.7833,117.1333,90.63,58,80,12.12,broken clouds
623,Ayia Marina,GR,37.75,23.5333,53.33,73,50,4.97,scattered clouds
624,Zhuanghe,CN,39.7008,122.9911,29.64,45,69,1.05,broken clouds
625,Pangnirtung,CA,66.1451,-65.7125,-38.36,95,100,4.85,overcast clouds
626,Tazmalt,DZ,36.3868,4.3989,46.22,95,17,2.59,few clouds
627,Katangli,RU,51.7102,143.2326,12.63,83,100,17.74,overcast clouds
628,Vad,RU,55.5301,44.2114,1.29,100,93,4.12,overcast clouds
629,Chochola,MX,20.75,-89.8333,71.01,89,8,4.0,clear sky
630,Ballina,AU,-28.8667,153.5667,75.78,73,75,10.36,broken clouds
631,Sambava,MG,-14.2667,50.1667,76.28,81,42,2.46,scattered clouds
632,Eidfjord,NO,60.4675,7.0719,32.16,97,100,9.55,light snow
633,Khuzdar,PK,27.7384,66.6434,55.81,50,25,3.02,scattered clouds
634,Kollam,IN,8.8833,76.6,84.07,63,39,5.59,scattered clouds
635,Ormond Beach,US,29.2858,-81.0559,57.34,96,100,1.99,mist
636,Maragogi,BR,-9.0122,-35.2225,79.3,72,61,4.72,broken clouds
637,Kang,BW,-23.6752,22.7876,66.74,61,31,7.05,scattered clouds
638,Saint-Leu,RE,-21.15,55.2833,79.66,73,86,0.74,overcast clouds
639,Olinda,BR,-8.0089,-34.8553,82.13,69,75,5.75,broken clouds
640,Voyinka,UA,45.8699,33.9914,35.13,87,66,12.68,broken clouds
641,Shimoda,JP,34.6667,138.95,44.96,81,97,3.13,overcast clouds
642,Uzice,RS,43.8586,19.8488,29.03,88,100,4.63,overcast clouds
643,Grenada,ES,37.1882,-3.6067,47.1,100,0,1.14,clear sky
644,Ghanzi,BW,-21.5667,21.7833,70.07,59,86,10.18,overcast clouds
645,Vostok,RU,46.4856,135.8833,7.12,82,99,6.78,overcast clouds
646,Aykhal,RU,66.0,111.5,-12.77,98,99,6.08,overcast clouds
647,Pindushi,RU,62.9152,34.58,18.48,95,100,11.61,snow
648,Vyazma,RU,55.2104,34.2951,28.58,95,98,12.33,overcast clouds
649,Sungaipenuh,ID,-2.0833,101.3833,75.58,61,100,5.23,overcast clouds
650,Novovasylivka,UA,46.8315,35.7536,35.01,89,82,12.5,broken clouds
651,Periyapatti,IN,10.75,77.2667,76.71,63,9,8.66,clear sky
652,Rawah,IQ,34.4816,41.9093,48.99,64,98,3.15,overcast clouds
653,Naze,JP,28.3667,129.4833,56.32,60,100,6.26,overcast clouds
654,Bonthe,SL,7.5264,-12.505,76.44,91,76,2.35,broken clouds
655,Alenquer,BR,-1.9417,-54.7383,79.14,96,96,0.76,overcast clouds
656,Jalu,LY,29.0331,21.5482,54.41,35,1,7.09,clear sky
657,Ust-Ordynskiy,RU,52.805,104.7508,13.84,89,85,3.62,overcast clouds
658,Abu Dhabi,AE,24.4667,54.3667,64.96,59,40,1.01,scattered clouds
659,Evora,PT,38.5667,-7.9,47.34,61,5,7.34,clear sky
660,Sisimiut,GL,66.9395,-53.6735,4.64,94,100,18.54,light snow
661,Tineo,ES,43.3376,-6.4145,40.78,79,35,3.22,scattered clouds
662,Kabanjahe,ID,3.1001,98.4908,70.56,59,98,4.27,overcast clouds
663,Alekseyevsk,RU,57.8406,108.3492,10.98,91,100,2.77,overcast clouds
664,Kivsharivka,UA,49.6213,37.7036,20.01,93,58,8.23,snow
665,Gazanjyk,TM,39.2446,55.5154,36.9,75,86,7.99,overcast clouds
666,Bacalar,MX,18.6667,-88.3833,69.01,96,27,3.74,scattered clouds
667,Kui Buri,TH,12.0828,99.8543,87.98,50,88,6.49,overcast clouds
668,El Alto,PE,-4.2714,-81.2147,70.03,78,64,11.65,broken clouds
669,Ust-Kuyga,RU,70.0167,135.6,-34.53,99,100,4.63,overcast clouds
670,Fort Saint James,CA,54.4333,-124.25,28.87,97,100,4.63,overcast clouds
671,Changde,CN,29.0464,111.6783,33.78,100,99,7.81,overcast clouds
672,Sault Sainte Marie,CA,46.5168,-84.3333,25.09,86,100,3.44,overcast clouds
673,Ardakan,IR,32.31,54.0175,35.98,45,0,2.37,clear sky
674,Rondonopolis,BR,-16.4708,-54.6356,72.93,95,100,0.69,overcast clouds
675,Camocim,BR,-2.9022,-40.8411,75.97,88,12,7.49,few clouds
676,Suntar,RU,62.1444,117.6319,3.58,92,100,4.36,overcast clouds
677,Yangshe,CN,31.8899,120.6052,33.04,99,100,3.0,light snow
678,Roald,NO,62.5833,6.1333,40.33,81,100,13.8,light rain
679,Kungurtug,RU,50.5994,97.5228,5.47,77,56,1.03,broken clouds
680,Port-Cartier,CA,50.0334,-66.8654,3.74,97,100,3.44,light snow
681,Bull Savanna,JM,17.8868,-77.5902,70.59,77,6,5.77,clear sky
682,Quixeramobim,BR,-5.1992,-39.2928,74.07,82,33,1.99,scattered clouds
683,Cap Malheureux,MU,-19.9842,57.6142,78.48,80,93,5.01,overcast clouds
684,Le Port,RE,-20.9373,55.2919,80.6,73,86,9.44,overcast clouds
